raceId,milliseconds,circuitId,name
989,21157,1,Albert Park Grand Prix Circuit
989,21269,1,Albert Park Grand Prix Circuit
989,21515,1,Albert Park Grand Prix Circuit
989,21543,1,Albert Park Grand Prix Circuit
989,21588,1,Albert Park Grand Prix Circuit
989,21627,1,Albert Park Grand Prix Circuit
989,21689,1,Albert Park Grand Prix Circuit
989,21780,1,Albert Park Grand Prix Circuit
989,21889,1,Albert Park Grand Prix Circuit
989,21995,1,Albert Park Grand Prix Circuit
989,22014,1,Albert Park Grand Prix Circuit
989,22086,1,Albert Park Grand Prix Circuit
989,22306,1,Albert Park Grand Prix Circuit
989,22343,1,Albert Park Grand Prix Circuit
989,22388,1,Albert Park Grand Prix Circuit
989,22471,1,Albert Park Grand Prix Circuit
989,23234,1,Albert Park Grand Prix Circuit
989,23299,1,Albert Park Grand Prix Circuit
989,27172,1,Albert Park Grand Prix Circuit
989,29981,1,Albert Park Grand Prix Circuit
989,32997,1,Albert Park Grand Prix Circuit
989,33027,1,Albert Park Grand Prix Circuit
990,24175,3,Bahrain International Circuit
990,24199,3,Bahrain International Circuit
990,24212,3,Bahrain International Circuit
990,24228,3,Bahrain International Circuit
990,24255,3,Bahrain International Circuit
990,24313,3,Bahrain International Circuit
990,24324,3,Bahrain International Circuit
990,24358,3,Bahrain International Circuit
990,24433,3,Bahrain International Circuit
990,24484,3,Bahrain International Circuit
990,24518,3,Bahrain International Circuit
990,24633,3,Bahrain International Circuit
990,24667,3,Bahrain International Circuit
990,24717,3,Bahrain International Circuit
990,24842,3,Bahrain International Circuit
990,24865,3,Bahrain International Circuit
990,24880,3,Bahrain International Circuit
990,24912,3,Bahrain International Circuit
990,24948,3,Bahrain International Circuit
990,24985,3,Bahrain International Circuit
990,25034,3,Bahrain International Circuit
990,25253,3,Bahrain International Circuit
990,25498,3,Bahrain International Circuit
990,25621,3,Bahrain International Circuit
990,25647,3,Bahrain International Circuit
990,25659,3,Bahrain International Circuit
990,25676,3,Bahrain International Circuit
990,25982,3,Bahrain International Circuit
990,26508,3,Bahrain International Circuit
990,26600,3,Bahrain International Circuit
990,26729,3,Bahrain International Circuit
990,26798,3,Bahrain International Circuit
990,27136,3,Bahrain International Circuit
990,27557,3,Bahrain International Circuit
990,27725,3,Bahrain International Circuit
990,30761,3,Bahrain International Circuit
990,32082,3,Bahrain International Circuit
990,34193,3,Bahrain International Circuit
990,34338,3,Bahrain International Circuit
990,45543,3,Bahrain International Circuit
991,17257,17,Shanghai International Circuit
991,22196,17,Shanghai International Circuit
991,22301,17,Shanghai International Circuit
991,22316,17,Shanghai International Circuit
991,22365,17,Shanghai International Circuit
991,22408,17,Shanghai International Circuit
991,22524,17,Shanghai International Circuit
991,22532,17,Shanghai International Circuit
991,22644,17,Shanghai International Circuit
991,22722,17,Shanghai International Circuit
991,22749,17,Shanghai International Circuit
991,22921,17,Shanghai International Circuit
991,23215,17,Shanghai International Circuit
991,23223,17,Shanghai International Circuit
991,23261,17,Shanghai International Circuit
991,23383,17,Shanghai International Circuit
991,23466,17,Shanghai International Circuit
991,23506,17,Shanghai International Circuit
991,23515,17,Shanghai International Circuit
991,23520,17,Shanghai International Circuit
991,23597,17,Shanghai International Circuit
991,23733,17,Shanghai International Circuit
991,23888,17,Shanghai International Circuit
991,23964,17,Shanghai International Circuit
991,23965,17,Shanghai International Circuit
991,24083,17,Shanghai International Circuit
991,24107,17,Shanghai International Circuit
991,24227,17,Shanghai International Circuit
991,24332,17,Shanghai International Circuit
991,25137,17,Shanghai International Circuit
991,25184,17,Shanghai International Circuit
991,26050,17,Shanghai International Circuit
991,32627,17,Shanghai International Circuit
991,33638,17,Shanghai International Circuit
991,43206,17,Shanghai International Circuit
991,45878,17,Shanghai International Circuit
991,50738,17,Shanghai International Circuit
992,19755,73,Baku City Circuit
992,19819,73,Baku City Circuit
992,19857,73,Baku City Circuit
992,19981,73,Baku City Circuit
992,19993,73,Baku City Circuit
992,20006,73,Baku City Circuit
992,20118,73,Baku City Circuit
992,20382,73,Baku City Circuit
992,20475,73,Baku City Circuit
992,20703,73,Baku City Circuit
992,20720,73,Baku City Circuit
992,20751,73,Baku City Circuit
992,20776,73,Baku City Circuit
992,20859,73,Baku City Circuit
992,20870,73,Baku City Circuit
992,20884,73,Baku City Circuit
992,20906,73,Baku City Circuit
992,20939,73,Baku City Circuit
992,20973,73,Baku City Circuit
992,21013,73,Baku City Circuit
992,21020,73,Baku City Circuit
992,21051,73,Baku City Circuit
992,21076,73,Baku City Circuit
992,20859,73,Baku City Circuit
992,20870,73,Baku City Circuit
992,21325,73,Baku City Circuit
992,21401,73,Baku City Circuit
992,22080,73,Baku City Circuit
992,23099,73,Baku City Circuit
993,21468,4,Circuit de Barcelona-Catalunya
993,21545,4,Circuit de Barcelona-Catalunya
993,21579,4,Circuit de Barcelona-Catalunya
993,21638,4,Circuit de Barcelona-Catalunya
993,21643,4,Circuit de Barcelona-Catalunya
993,21846,4,Circuit de Barcelona-Catalunya
993,21954,4,Circuit de Barcelona-Catalunya
993,22018,4,Circuit de Barcelona-Catalunya
993,22025,4,Circuit de Barcelona-Catalunya
993,22034,4,Circuit de Barcelona-Catalunya
993,22049,4,Circuit de Barcelona-Catalunya
993,22095,4,Circuit de Barcelona-Catalunya
993,22142,4,Circuit de Barcelona-Catalunya
993,22193,4,Circuit de Barcelona-Catalunya
993,22265,4,Circuit de Barcelona-Catalunya
993,22342,4,Circuit de Barcelona-Catalunya
993,22379,4,Circuit de Barcelona-Catalunya
993,22413,4,Circuit de Barcelona-Catalunya
993,22465,4,Circuit de Barcelona-Catalunya
993,22565,4,Circuit de Barcelona-Catalunya
993,22417,4,Circuit de Barcelona-Catalunya
993,22442,4,Circuit de Barcelona-Catalunya
993,22511,4,Circuit de Barcelona-Catalunya
993,22540,4,Circuit de Barcelona-Catalunya
993,22655,4,Circuit de Barcelona-Catalunya
993,22549,4,Circuit de Barcelona-Catalunya
993,22563,4,Circuit de Barcelona-Catalunya
993,22702,4,Circuit de Barcelona-Catalunya
993,22732,4,Circuit de Barcelona-Catalunya
993,22781,4,Circuit de Barcelona-Catalunya
993,22896,4,Circuit de Barcelona-Catalunya
993,22992,4,Circuit de Barcelona-Catalunya
993,23321,4,Circuit de Barcelona-Catalunya
993,23507,4,Circuit de Barcelona-Catalunya
993,23591,4,Circuit de Barcelona-Catalunya
993,23646,4,Circuit de Barcelona-Catalunya
993,23746,4,Circuit de Barcelona-Catalunya
993,33821,4,Circuit de Barcelona-Catalunya
993,37345,4,Circuit de Barcelona-Catalunya
994,23795,6,Circuit de Monaco
994,23858,6,Circuit de Monaco
994,23946,6,Circuit de Monaco
994,24011,6,Circuit de Monaco
994,24023,6,Circuit de Monaco
994,24161,6,Circuit de Monaco
994,24219,6,Circuit de Monaco
994,24266,6,Circuit de Monaco
994,24269,6,Circuit de Monaco
994,24483,6,Circuit de Monaco
994,24591,6,Circuit de Monaco
994,24776,6,Circuit de Monaco
994,25026,6,Circuit de Monaco
994,25030,6,Circuit de Monaco
994,25062,6,Circuit de Monaco
994,25419,6,Circuit de Monaco
994,25532,6,Circuit de Monaco
994,25705,6,Circuit de Monaco
994,25964,6,Circuit de Monaco
994,26165,6,Circuit de Monaco
994,26299,6,Circuit de Monaco
994,28463,6,Circuit de Monaco
994,35651,6,Circuit de Monaco
995,23119,7,Circuit Gilles Villeneuve
995,23426,7,Circuit Gilles Villeneuve
995,23456,7,Circuit Gilles Villeneuve
995,23485,7,Circuit Gilles Villeneuve
995,23662,7,Circuit Gilles Villeneuve
995,23686,7,Circuit Gilles Villeneuve
995,23727,7,Circuit Gilles Villeneuve
995,23732,7,Circuit Gilles Villeneuve
995,23782,7,Circuit Gilles Villeneuve
995,23825,7,Circuit Gilles Villeneuve
995,23884,7,Circuit Gilles Villeneuve
995,23927,7,Circuit Gilles Villeneuve
995,23994,7,Circuit Gilles Villeneuve
995,24030,7,Circuit Gilles Villeneuve
995,24071,7,Circuit Gilles Villeneuve
995,24076,7,Circuit Gilles Villeneuve
995,24381,7,Circuit Gilles Villeneuve
995,24666,7,Circuit Gilles Villeneuve
995,24727,7,Circuit Gilles Villeneuve
995,24732,7,Circuit Gilles Villeneuve
995,24782,7,Circuit Gilles Villeneuve
995,25210,7,Circuit Gilles Villeneuve
995,25342,7,Circuit Gilles Villeneuve
995,37950,7,Circuit Gilles Villeneuve
996,29792,34,Circuit Paul Ricard
996,29920,34,Circuit Paul Ricard
996,29975,34,Circuit Paul Ricard
996,30044,34,Circuit Paul Ricard
996,30118,34,Circuit Paul Ricard
996,30186,34,Circuit Paul Ricard
996,30203,34,Circuit Paul Ricard
996,30228,34,Circuit Paul Ricard
996,30233,34,Circuit Paul Ricard
996,30279,34,Circuit Paul Ricard
996,30412,34,Circuit Paul Ricard
996,30468,34,Circuit Paul Ricard
996,30576,34,Circuit Paul Ricard
996,30832,34,Circuit Paul Ricard
996,30837,34,Circuit Paul Ricard
996,30842,34,Circuit Paul Ricard
996,30842,34,Circuit Paul Ricard
996,30849,34,Circuit Paul Ricard
996,30884,34,Circuit Paul Ricard
996,31031,34,Circuit Paul Ricard
996,31697,34,Circuit Paul Ricard
996,31950,34,Circuit Paul Ricard
996,37286,34,Circuit Paul Ricard
996,37494,34,Circuit Paul Ricard
997,21110,70,Red Bull Ring
997,21225,70,Red Bull Ring
997,21266,70,Red Bull Ring
997,21525,70,Red Bull Ring
997,21547,70,Red Bull Ring
997,21672,70,Red Bull Ring
997,21709,70,Red Bull Ring
997,21878,70,Red Bull Ring
997,21982,70,Red Bull Ring
997,21985,70,Red Bull Ring
997,22239,70,Red Bull Ring
997,22251,70,Red Bull Ring
997,22265,70,Red Bull Ring
997,22305,70,Red Bull Ring
997,22309,70,Red Bull Ring
997,22330,70,Red Bull Ring
997,22552,70,Red Bull Ring
997,22772,70,Red Bull Ring
997,23243,70,Red Bull Ring
997,25091,70,Red Bull Ring
997,25236,70,Red Bull Ring
997,30067,70,Red Bull Ring
998,27827,9,Silverstone Circuit
998,27905,9,Silverstone Circuit
998,27919,9,Silverstone Circuit
998,27950,9,Silverstone Circuit
998,27980,9,Silverstone Circuit
998,28021,9,Silverstone Circuit
998,28177,9,Silverstone Circuit
998,28275,9,Silverstone Circuit
998,28348,9,Silverstone Circuit
998,28364,9,Silverstone Circuit
998,28381,9,Silverstone Circuit
998,28416,9,Silverstone Circuit
998,28493,9,Silverstone Circuit
998,28558,9,Silverstone Circuit
998,28694,9,Silverstone Circuit
998,28747,9,Silverstone Circuit
998,28811,9,Silverstone Circuit
998,28905,9,Silverstone Circuit
998,28926,9,Silverstone Circuit
998,28954,9,Silverstone Circuit
998,29074,9,Silverstone Circuit
998,29377,9,Silverstone Circuit
999,19062,10,Hockenheimring
999,19287,10,Hockenheimring
999,19327,10,Hockenheimring
999,19345,10,Hockenheimring
999,19586,10,Hockenheimring
999,19610,10,Hockenheimring
999,19626,10,Hockenheimring
999,19640,10,Hockenheimring
999,19825,10,Hockenheimring
999,19875,10,Hockenheimring
999,19931,10,Hockenheimring
999,19964,10,Hockenheimring
999,20012,10,Hockenheimring
999,20015,10,Hockenheimring
999,20094,10,Hockenheimring
999,20096,10,Hockenheimring
999,20118,10,Hockenheimring
999,20152,10,Hockenheimring
999,20203,10,Hockenheimring
999,20242,10,Hockenheimring
999,20285,10,Hockenheimring
999,20317,10,Hockenheimring
999,20361,10,Hockenheimring
999,20370,10,Hockenheimring
999,20380,10,Hockenheimring
999,20436,10,Hockenheimring
999,20472,10,Hockenheimring
999,20498,10,Hockenheimring
999,20552,10,Hockenheimring
999,20576,10,Hockenheimring
999,20622,10,Hockenheimring
999,20624,10,Hockenheimring
999,20671,10,Hockenheimring
999,20700,10,Hockenheimring
999,20711,10,Hockenheimring
999,20718,10,Hockenheimring
999,20768,10,Hockenheimring
999,20879,10,Hockenheimring
999,20930,10,Hockenheimring
999,21009,10,Hockenheimring
999,21106,10,Hockenheimring
999,21142,10,Hockenheimring
999,21142,10,Hockenheimring
999,21179,10,Hockenheimring
999,21224,10,Hockenheimring
999,21256,10,Hockenheimring
999,21260,10,Hockenheimring
999,21359,10,Hockenheimring
999,21402,10,Hockenheimring
999,21423,10,Hockenheimring
999,21472,10,Hockenheimring
999,21488,10,Hockenheimring
999,21501,10,Hockenheimring
999,21625,10,Hockenheimring
999,21634,10,Hockenheimring
999,21732,10,Hockenheimring
999,21962,10,Hockenheimring
999,22058,10,Hockenheimring
999,22102,10,Hockenheimring
999,22132,10,Hockenheimring
999,22243,10,Hockenheimring
999,22307,10,Hockenheimring
999,22358,10,Hockenheimring
999,22421,10,Hockenheimring
999,22509,10,Hockenheimring
999,22696,10,Hockenheimring
999,22947,10,Hockenheimring
999,23090,10,Hockenheimring
999,23363,10,Hockenheimring
999,23445,10,Hockenheimring
999,23801,10,Hockenheimring
999,24310,10,Hockenheimring
999,27069,10,Hockenheimring
999,27232,10,Hockenheimring
999,27256,10,Hockenheimring
999,28093,10,Hockenheimring
999,29667,10,Hockenheimring
999,69022,10,Hockenheimring
1000,21164,11,Hungaroring
1000,21333,11,Hungaroring
1000,21390,11,Hungaroring
1000,21563,11,Hungaroring
1000,21575,11,Hungaroring
1000,21618,11,Hungaroring
1000,21705,11,Hungaroring
1000,21734,11,Hungaroring
1000,21744,11,Hungaroring
1000,21754,11,Hungaroring
1000,21832,11,Hungaroring
1000,21901,11,Hungaroring
1000,22035,11,Hungaroring
1000,22085,11,Hungaroring
1000,22104,11,Hungaroring
1000,22205,11,Hungaroring
1000,22498,11,Hungaroring
1000,22880,11,Hungaroring
1000,23002,11,Hungaroring
1000,23218,11,Hungaroring
1000,23676,11,Hungaroring
1000,24819,11,Hungaroring
1000,26066,11,Hungaroring
1000,33328,11,Hungaroring
1001,22442,13,Circuit de Spa-Francorchamps
1001,22449,13,Circuit de Spa-Francorchamps
1001,22506,13,Circuit de Spa-Francorchamps
1001,22579,13,Circuit de Spa-Francorchamps
1001,22584,13,Circuit de Spa-Francorchamps
1001,22772,13,Circuit de Spa-Francorchamps
1001,22774,13,Circuit de Spa-Francorchamps
1001,22786,13,Circuit de Spa-Francorchamps
1001,22834,13,Circuit de Spa-Francorchamps
1001,22863,13,Circuit de Spa-Francorchamps
1001,22912,13,Circuit de Spa-Francorchamps
1001,23000,13,Circuit de Spa-Francorchamps
1001,23044,13,Circuit de Spa-Francorchamps
1001,23133,13,Circuit de Spa-Francorchamps
1001,23182,13,Circuit de Spa-Francorchamps
1001,23475,13,Circuit de Spa-Francorchamps
1001,23497,13,Circuit de Spa-Francorchamps
1001,24247,13,Circuit de Spa-Francorchamps
1001,25005,13,Circuit de Spa-Francorchamps
1001,25250,13,Circuit de Spa-Francorchamps
1001,26891,13,Circuit de Spa-Francorchamps
1001,27620,13,Circuit de Spa-Francorchamps
1001,39046,13,Circuit de Spa-Francorchamps
1001,59291,13,Circuit de Spa-Francorchamps
1002,18838,14,Autodromo Nazionale di Monza
1002,23700,14,Autodromo Nazionale di Monza
1002,23731,14,Autodromo Nazionale di Monza
1002,23833,14,Autodromo Nazionale di Monza
1002,23860,14,Autodromo Nazionale di Monza
1002,23912,14,Autodromo Nazionale di Monza
1002,24092,14,Autodromo Nazionale di Monza
1002,24198,14,Autodromo Nazionale di Monza
1002,24303,14,Autodromo Nazionale di Monza
1002,24311,14,Autodromo Nazionale di Monza
1002,24320,14,Autodromo Nazionale di Monza
1002,24363,14,Autodromo Nazionale di Monza
1002,24376,14,Autodromo Nazionale di Monza
1002,24400,14,Autodromo Nazionale di Monza
1002,24419,14,Autodromo Nazionale di Monza
1002,24479,14,Autodromo Nazionale di Monza
1002,24568,14,Autodromo Nazionale di Monza
1002,24978,14,Autodromo Nazionale di Monza
1002,25121,14,Autodromo Nazionale di Monza
1002,25340,14,Autodromo Nazionale di Monza
1002,25698,14,Autodromo Nazionale di Monza
1002,26481,14,Autodromo Nazionale di Monza
1002,27010,14,Autodromo Nazionale di Monza
1002,29830,14,Autodromo Nazionale di Monza
1002,31211,14,Autodromo Nazionale di Monza
1002,31842,14,Autodromo Nazionale di Monza
1002,31851,14,Autodromo Nazionale di Monza
1002,32393,14,Autodromo Nazionale di Monza
1002,32443,14,Autodromo Nazionale di Monza
1003,28606,15,Marina Bay Street Circuit
1003,28799,15,Marina Bay Street Circuit
1003,28846,15,Marina Bay Street Circuit
1003,28930,15,Marina Bay Street Circuit
1003,28960,15,Marina Bay Street Circuit
1003,29033,15,Marina Bay Street Circuit
1003,29070,15,Marina Bay Street Circuit
1003,29082,15,Marina Bay Street Circuit
1003,29152,15,Marina Bay Street Circuit
1003,29168,15,Marina Bay Street Circuit
1003,29234,15,Marina Bay Street Circuit
1003,29384,15,Marina Bay Street Circuit
1003,29403,15,Marina Bay Street Circuit
1003,29456,15,Marina Bay Street Circuit
1003,29460,15,Marina Bay Street Circuit
1003,29482,15,Marina Bay Street Circuit
1003,29563,15,Marina Bay Street Circuit
1003,29992,15,Marina Bay Street Circuit
1003,30321,15,Marina Bay Street Circuit
1003,30623,15,Marina Bay Street Circuit
1003,30756,15,Marina Bay Street Circuit
1003,30916,15,Marina Bay Street Circuit
1003,32482,15,Marina Bay Street Circuit
1003,34711,15,Marina Bay Street Circuit
1003,38752,15,Marina Bay Street Circuit
1003,39188,15,Marina Bay Street Circuit
1003,43576,15,Marina Bay Street Circuit
1003,69880,15,Marina Bay Street Circuit
1004,29290,71,Sochi Autodrom
1004,29401,71,Sochi Autodrom
1004,29436,71,Sochi Autodrom
1004,29548,71,Sochi Autodrom
1004,29571,71,Sochi Autodrom
1004,29751,71,Sochi Autodrom
1004,29786,71,Sochi Autodrom
1004,29854,71,Sochi Autodrom
1004,29857,71,Sochi Autodrom
1004,29860,71,Sochi Autodrom
1004,29860,71,Sochi Autodrom
1004,29935,71,Sochi Autodrom
1004,29978,71,Sochi Autodrom
1004,30103,71,Sochi Autodrom
1004,30168,71,Sochi Autodrom
1004,30177,71,Sochi Autodrom
1004,30227,71,Sochi Autodrom
1004,30271,71,Sochi Autodrom
1004,30509,71,Sochi Autodrom
1004,30587,71,Sochi Autodrom
1004,34264,71,Sochi Autodrom
1004,36031,71,Sochi Autodrom
1004,36512,71,Sochi Autodrom
1004,38193,71,Sochi Autodrom
1005,22880,22,Suzuka Circuit
1005,22970,22,Suzuka Circuit
1005,23000,22,Suzuka Circuit
1005,23157,22,Suzuka Circuit
1005,23164,22,Suzuka Circuit
1005,23180,22,Suzuka Circuit
1005,23213,22,Suzuka Circuit
1005,23280,22,Suzuka Circuit
1005,23292,22,Suzuka Circuit
1005,23292,22,Suzuka Circuit
1005,23293,22,Suzuka Circuit
1005,23301,22,Suzuka Circuit
1005,23301,22,Suzuka Circuit
1005,23351,22,Suzuka Circuit
1005,23354,22,Suzuka Circuit
1005,23412,22,Suzuka Circuit
1005,23478,22,Suzuka Circuit
1005,23580,22,Suzuka Circuit
1005,23582,22,Suzuka Circuit
1005,23591,22,Suzuka Circuit
1005,23792,22,Suzuka Circuit
1005,23949,22,Suzuka Circuit
1005,23973,22,Suzuka Circuit
1005,24032,22,Suzuka Circuit
1005,24268,22,Suzuka Circuit
1005,24132,22,Suzuka Circuit
1005,24156,22,Suzuka Circuit
1005,24468,22,Suzuka Circuit
1005,25347,22,Suzuka Circuit
1005,26734,22,Suzuka Circuit
1005,30502,22,Suzuka Circuit
1006,21862,32,Autodromo Hermanos Rodriguez
1006,22002,32,Autodromo Hermanos Rodriguez
1006,22003,32,Autodromo Hermanos Rodriguez
1006,22033,32,Autodromo Hermanos Rodriguez
1006,22179,32,Autodromo Hermanos Rodriguez
1006,22179,32,Autodromo Hermanos Rodriguez
1006,22192,32,Autodromo Hermanos Rodriguez
1006,22241,32,Autodromo Hermanos Rodriguez
1006,22269,32,Autodromo Hermanos Rodriguez
1006,22345,32,Autodromo Hermanos Rodriguez
1006,22357,32,Autodromo Hermanos Rodriguez
1006,22484,32,Autodromo Hermanos Rodriguez
1006,22490,32,Autodromo Hermanos Rodriguez
1006,22570,32,Autodromo Hermanos Rodriguez
1006,22618,32,Autodromo Hermanos Rodriguez
1006,22689,32,Autodromo Hermanos Rodriguez
1006,22745,32,Autodromo Hermanos Rodriguez
1006,22754,32,Autodromo Hermanos Rodriguez
1006,22887,32,Autodromo Hermanos Rodriguez
1006,22963,32,Autodromo Hermanos Rodriguez
1006,23084,32,Autodromo Hermanos Rodriguez
1006,24128,32,Autodromo Hermanos Rodriguez
1006,24493,32,Autodromo Hermanos Rodriguez
1006,24606,32,Autodromo Hermanos Rodriguez
1006,25786,32,Autodromo Hermanos Rodriguez
1006,24493,32,Autodromo Hermanos Rodriguez
1006,25786,32,Autodromo Hermanos Rodriguez
1006,43411,32,Autodromo Hermanos Rodriguez
1006,123388,32,Autodromo Hermanos Rodriguez
1007,23213,69,Circuit of the Americas
1007,23444,69,Circuit of the Americas
1007,23684,69,Circuit of the Americas
1007,23702,69,Circuit of the Americas
1007,23705,69,Circuit of the Americas
1007,23716,69,Circuit of the Americas
1007,23751,69,Circuit of the Americas
1007,23819,69,Circuit of the Americas
1007,23844,69,Circuit of the Americas
1007,23943,69,Circuit of the Americas
1007,24151,69,Circuit of the Americas
1007,24162,69,Circuit of the Americas
1007,24164,69,Circuit of the Americas
1007,24195,69,Circuit of the Americas
1007,24206,69,Circuit of the Americas
1007,24207,69,Circuit of the Americas
1007,24245,69,Circuit of the Americas
1007,24260,69,Circuit of the Americas
1007,24544,69,Circuit of the Americas
1007,24567,69,Circuit of the Americas
1007,24583,69,Circuit of the Americas
1007,24678,69,Circuit of the Americas
1007,24686,69,Circuit of the Americas
1007,24731,69,Circuit of the Americas
1007,24884,69,Circuit of the Americas
1007,24951,69,Circuit of the Americas
1007,24964,69,Circuit of the Americas
1007,25095,69,Circuit of the Americas
1007,25230,69,Circuit of the Americas
1007,25776,69,Circuit of the Americas
1007,27115,69,Circuit of the Americas
1007,28748,69,Circuit of the Americas
1007,29157,69,Circuit of the Americas
1007,34100,69,Circuit of the Americas
1008,22441,18,Autodromo Jose Carlos Pace
1008,22500,18,Autodromo Jose Carlos Pace
1008,22593,18,Autodromo Jose Carlos Pace
1008,22657,18,Autodromo Jose Carlos Pace
1008,22747,18,Autodromo Jose Carlos Pace
1008,22759,18,Autodromo Jose Carlos Pace
1008,22770,18,Autodromo Jose Carlos Pace
1008,22818,18,Autodromo Jose Carlos Pace
1008,22882,18,Autodromo Jose Carlos Pace
1008,22922,18,Autodromo Jose Carlos Pace
1008,22966,18,Autodromo Jose Carlos Pace
1008,23039,18,Autodromo Jose Carlos Pace
1008,23042,18,Autodromo Jose Carlos Pace
1008,23060,18,Autodromo Jose Carlos Pace
1008,23071,18,Autodromo Jose Carlos Pace
1008,23073,18,Autodromo Jose Carlos Pace
1008,23079,18,Autodromo Jose Carlos Pace
1008,23088,18,Autodromo Jose Carlos Pace
1008,23138,18,Autodromo Jose Carlos Pace
1008,23142,18,Autodromo Jose Carlos Pace
1008,23148,18,Autodromo Jose Carlos Pace
1008,23155,18,Autodromo Jose Carlos Pace
1008,23158,18,Autodromo Jose Carlos Pace
1008,23199,18,Autodromo Jose Carlos Pace
1008,23210,18,Autodromo Jose Carlos Pace
1008,23344,18,Autodromo Jose Carlos Pace
1008,23346,18,Autodromo Jose Carlos Pace
1008,23355,18,Autodromo Jose Carlos Pace
1008,23378,18,Autodromo Jose Carlos Pace
1008,23381,18,Autodromo Jose Carlos Pace
1008,23463,18,Autodromo Jose Carlos Pace
1008,23471,18,Autodromo Jose Carlos Pace
1008,23479,18,Autodromo Jose Carlos Pace
1008,23524,18,Autodromo Jose Carlos Pace
1008,23584,18,Autodromo Jose Carlos Pace
1008,23596,18,Autodromo Jose Carlos Pace
1008,23776,18,Autodromo Jose Carlos Pace
1008,23841,18,Autodromo Jose Carlos Pace
1008,23873,18,Autodromo Jose Carlos Pace
1008,29268,18,Autodromo Jose Carlos Pace
1008,29628,18,Autodromo Jose Carlos Pace
1008,29268,18,Autodromo Jose Carlos Pace
1008,29491,18,Autodromo Jose Carlos Pace
1008,30760,18,Autodromo Jose Carlos Pace
1009,21023,24,Yas Marina Circuit
1009,21145,24,Yas Marina Circuit
1009,21274,24,Yas Marina Circuit
1009,21466,24,Yas Marina Circuit
1009,21496,24,Yas Marina Circuit
1009,21531,24,Yas Marina Circuit
1009,21578,24,Yas Marina Circuit
1009,21624,24,Yas Marina Circuit
1009,21688,24,Yas Marina Circuit
1009,21697,24,Yas Marina Circuit
1009,21778,24,Yas Marina Circuit
1009,21858,24,Yas Marina Circuit
1009,21904,24,Yas Marina Circuit
1009,21928,24,Yas Marina Circuit
1009,21968,24,Yas Marina Circuit
1009,21977,24,Yas Marina Circuit
1009,22028,24,Yas Marina Circuit
1009,22178,24,Yas Marina Circuit
1009,22188,24,Yas Marina Circuit
1009,22230,24,Yas Marina Circuit
1009,22272,24,Yas Marina Circuit
1009,22410,24,Yas Marina Circuit
1009,22974,24,Yas Marina Circuit
1009,23067,24,Yas Marina Circuit
1009,25771,24,Yas Marina Circuit
1009,28842,24,Yas Marina Circuit
1009,77467,24,Yas Marina Circuit